{
    "contacts": [
        {
            "cid": 101,
            "firstName": "Arun",
            "lastName": "C",
            "mobile": "999995555",
            "mail": "carun@google.com",
            "dateOfBirth": "2000-11-12",
            "gender": "Male",
            "group": "family"
        },
        {
            "cid": 102,
            "firstName": "Kumar",
            "lastName": "C",
            "mobile": "999995444",
            "mail": "ckumar@google.com",
            "dateOfBirth": "2000-11-12",
            "gender": "Male",
            "group": "family"
        },
        {
            "cid": 103,
            "firstName": "Ramsaran",
            "lastName": "C",
            "mobile": "999995588",
            "mail": "cram@google.com",
            "dateOfBirth": "2000-11-12",
            "gender": "Male",
            "group": "family"
        },
        {
            "cid": 104,
            "firstName": "Aslam",
            "lastName": "C",
            "mobile": "999995588",
            "mail": "cram@google.com",
            "dateOfBirth": "2000-11-12",
            "gender": "Male",
            "group": "family"
        },
        {
            "cid": 105,
            "firstName": "Kani",
            "lastName": "C",
            "mobile": "999995588",
            "mail": "kani@google.com",
            "dateOfBirth": "2000-11-12",
            "gender": "FeMale",
            "group": "family"
        }
    ]
}